INDICATIVO;ANO;MES;ALTITUD;C_X;C_Y;TMAX1;TMAX2;TMAX3;TMAX4;TMAX5;TMAX6;TMAX7;TMAX8;TMAX9;TMAX10;TMAX11;TMAX12;TMAX13;TMAX14;TMAX15;TMAX16;TMAX17;TMAX18;TMAX19;TMAX20;TMAX21;TMAX22;TMAX23;TMAX24;TMAX25;TMAX26;TMAX27;TMAX28;TMAX29;TMAX30;TMAX31
5060X;2023;7;1190;567903;4190655;276;296;325;321;305;286;300;315;360;387;395;368;357;353;338;332;358;386;371;343;322;319;366;334;329;287;310;320;356;367;353
6367B;2023;7;300;593512;4138723;295;292;311;358;306;321;326;323;329;;;423;316;316;345;329;338;353;412;348;374;326;354;390;350;328;329;317;319;350;314
6371I;2023;7;310;613139;4151101;300;320;320;330;310;320;330;330;350;350;380;410;330;330;340;350;350;370;400;350;350;330;340;370;350;330;330;330;340;350;320
7002Y;2023;7;26;625041;4142095;287;292;308;304;310;300;310;301;307;316;328;347;322;316;314;327;324;325;356;322;336;323;326;351;334;331;327;309;313;320;314
7007Y;2023;7;66;656224;4161583;312;308;315;318;325;327;347;320;331;357;345;353;353;330;335;362;362;365;357;360;356;363;346;337;362;353;351;332;331;337;335
7012C;2023;7;17;677630;4163463;293;290;297;286;315;320;327;298;317;340;330;345;335;307;300;341;331;356;314;351;366;342;334;312;354;333;340;305;300;313;318
7012D;2023;7;56;674483;4163767;291;299;299;296;304;311;314;307;320;329;330;357;323;313;319;330;322;352;356;337;375;337;;;349;323;330;322;319;325;316
7013;2023;7;10;678051;4162116;257;262;266;264;273;286;293;269;286;311;285;287;304;278;276;321;305;304;285;305;292;309;301;298;329;296;307;279;279;290;282
7019X;2023;7;2;701570;4167867;288;288;289;298;294;295;297;307;306;307;320;347;312;311;311;312;308;310;340;313;347;309;313;317;331;309;314;312;314;320;319
7020C;2023;7;205;664788;4186108;298;308;327;331;299;303;318;331;332;327;367;398;321;323;349;328;324;349;419;334;365;321;320;368;354;313;324;330;339;335;334
7023X;2023;7;140;661516;4177040;311;330;334;332;313;325;330;348;354;341;403;401;333;338;342;339;340;370;420;344;380;340;341;375;361;326;334;340;346;350;337
7026E;2023;7;50;676313;4173355;310;330;330;315;300;305;310;330;330;315;355;360;340;350;340;320;315;335;375;320;340;315;320;355;360;305;320;340;335;350;335
7026X;2023;7;50;679088;4178790;313;325;332;326;312;317;323;342;340;335;362;381;332;332;340;339;328;346;388;332;376;331;333;362;362;330;334;338;340;344;339
7031;2023;7;4;693425;4184666;285;285;280;320;294;300;300;305;300;309;316;345;315;305;340;315;304;314;350;315;360;315;312;356;337;310;315;284;330;305;310
7031X;2023;7;4;693232;4183489;291;291;297;325;297;302;303;311;304;308;310;346;322;311;348;319;314;317;360;316;368;319;317;356;342;317;316;315;333;319;326
7032;2023;7;19;694138;4189639;290;280;300;310;280;300;300;300;310;300;310;340;330;330;340;320;300;310;370;300;340;310;300;360;340;320;310;310;340;320;330
7038D;2023;7;3;702313;4208321;290;300;310;310;300;310;310;320;330;340;350;350;330;330;340;330;320;330;360;330;350;330;340;360;340;320;330;340;330;340;320
7077;2023;7;630;583237;4255674;350;340;360;370;360;300;340;350;360;390;420;410;380;380;390;370;390;420;420;390;380;360;370;380;350;320;370;390;410;400;390
7080X;2023;7;955;588668;4236074;299;292;312;336;292;292;306;316;335;353;350;385;328;322;345;316;348;372;383;342;334;314;338;358;331;295;312;324;351;358;339
7083;2023;7;360;606750;4246858;330;335;335;370;320;375;330;355;355;360;375;420;360;355;380;335;365;405;420;360;375;330;350;395;370;325;330;360;380;390;365
7092;2023;7;641;590800;4266454;350;330;340;370;320;330;330;350;370;370;410;410;380;380;390;360;390;410;418;390;380;340;360;380;370;330;350;360;400;400;380
7096B;2023;7;605;613027;4266745;326;330;338;355;319;308;324;342;355;377;397;401;349;344;364;331;361;390;398;345;357;326;343;374;354;312;327;346;371;370;352
7102;2023;7;670;630156;4274922;340;340;350;370;340;330;336;360;360;380;400;410;370;360;380;360;380;400;420;370;370;340;360;390;360;330;330;350;370;385;360
7103;2023;7;625;613674;4272049;340;340;340;370;340;325;330;350;380;380;410;410;370;365;390;390;380;415;410;365;310;350;360;380;380;335;340;360;385;385;370
7103Y;2023;7;615;614141;4271879;341;335;345;371;334;320;334;357;371;381;417;409;365;368;384;351;383;414;415;365;371;344;365;384;368;334;341;360;389;389;367
7113;2023;7;1150;578851;4225636;270;280;290;320;300;285;300;310;340;360;380;370;320;320;330;310;360;370;375;320;340;310;345;345;320;300;305;320;340;355;
7114C;2023;7;710;597290;4226145;330;330;340;360;310;310;320;310;350;360;380;430;340;340;370;370;370;380;400;330;350;340;350;390;350;310;340;340;380;380;380
7118C;2023;7;881;587644;4213520;300;314;330;348;309;309;313;332;352;382;395;401;341;337;375;341;388;399;390;360;357;329;349;382;355;317;327;346;364;371;354
7119A;2023;7;623;599265;4217785;305;310;320;340;300;310;310;325;340;360;370;400;330;325;380;320;360;380;380;350;340;315;350;360;350;300;330;350;340;360;345
7119B;2023;7;643;598441;4217783;313;326;339;359;314;318;320;340;355;371;390;420;352;341;395;334;396;394;405;365;363;331;369;378;374;322;347;348;368;381;360
7120C;2023;7;563;605682;4217064;320;330;345;360;315;320;330;340;365;380;380;420;345;350;365;335;380;395;400;345;355;325;360;370;355;315;340;345;370;365;355
7120E;2023;7;440;610630;4225792;340;340;350;380;330;330;340;360;370;400;400;430;360;360;380;340;380;410;410;340;370;340;370;380;370;330;380;370;400;380;
7121;2023;7;340;613754;4232124;350;330;330;370;320;320;360;360;370;380;390;440;360;360;370;340;370;400;420;330;370;330;350;400;370;310;330;360;390;380;360
7121A;2023;7;350;613580;4232593;338;346;343;381;326;326;348;359;369;387;385;441;355;357;378;345;370;406;418;334;379;344;354;404;370;327;342;359;388;381;365
7127X;2023;7;640;614477;4212074;320;322;329;348;303;309;318;331;354;396;393;421;327;333;350;319;347;384;402;370;344;316;333;370;353;300;332;331;351;350;339
7129;2023;7;312;622719;4231114;;360;370;380;350;340;;;370;390;410;440;380;;;350;380;400;430;340;;;360;390;370;340;340;;;390;380
7134;2023;7;340;631756;4243744;340;350;350;385;325;330;355;365;370;370;400;440;365;360;390;345;375;410;435;350;390;350;350;410;380;330;355;370;400;380;370
7137B;2023;7;660;649374;4268042;320;339;345;370;336;336;351;365;377;394;404;416;354;365;375;356;399;418;414;350;370;345;358;386;353;327;337;359;382;382;362
7138B;2023;7;485;645247;4258045;341;344;353;379;330;334;350;369;375;397;407;429;361;369;383;346;405;412;417;366;376;353;355;402;365;333;342;362;385;376;369
7139E;2023;7;538;655438;4257681;339;356;362;376;352;347;370;374;394;401;427;431;375;379;399;372;406;430;420;376;392;361;378;394;367;343;346;378;394;367;378
7145D;2023;7;265;641737;4232883;342;347;348;384;326;329;351;364;367;372;396;432;354;357;390;340;366;396;433;340;388;350;355;409;379;329;351;361;386;359;366
7156;2023;7;480;641612;4223128;310;320;320;350;290;300;320;330;330;330;390;430;320;320;350;310;330;360;420;330;360;320;320;390;360;280;310;330;350;340;330
7156E;2023;7;270;642047;4219190;315;330;335;375;305;310;330;340;360;360;410;410;380;340;370;330;350;385;420;340;365;320;330;385;360;300;325;340;370;350;360
7158X;2023;7;150;648489;4221379;347;352;360;392;333;335;356;374;372;377;411;439;357;368;393;347;368;410;436;362;392;350;359;413;392;326;355;366;392;360;370
7168;2023;7;395;632540;4213541;350;360;370;380;350;340;360;370;390;400;410;370;350;340;320;350;340;400;420;340;340;360;370;360;360;340;340;360;370;360;390
7170C;2023;7;350;629432;4205105;350;350;350;380;320;320;340;360;370;370;400;430;350;350;370;340;360;400;440;380;370;350;340;380;370;310;340;350;370;380;350
7170E;2023;7;500;623188;4198442;380;350;350;360;360;350;350;360;390;410;410;430;360;380;370;360;390;420;420;400;350;350;350;390;370;330;350;360;390;400;380
7172X;2023;7;255;636087;4211543;334;343;347;374;319;323;340;355;360;369;391;430;346;352;370;332;356;393;438;356;373;336;338;382;373;315;337;352;374;363;361
7178I;2023;7;62;660598;4207610;334;352;352;389;328;332;348;367;368;376;410;425;349;360;390;348;353;392;438;354;391;346;354;404;385;328;347;358;388;364;370
7182;2023;7;57;664258;4206348;333;344;349;380;331;333;348;370;371;371;405;413;349;365;385;351;354;390;429;351;387;344;354;409;378;332;352;363;385;369;368
7182D;2023;7;45;663963;4205303;329;348;347;385;335;337;349;368;373;375;409;419;348;365;384;348;353;397;435;355;391;347;355;409;377;332;352;364;386;366;365
7194;2023;7;1190;573447;4174234;300;300;310;330;310;305;310;330;370;370;400;380;340;345;350;345;370;385;370;370;340;330;320;340;330;300;310;330;365;370;365
7195X;2023;7;985;582760;4198035;285;300;315;337;301;290;301;317;341;377;379;382;327;323;352;322;357;373;380;355;339;307;337;356;338;299;303;327;368;366;330
7198;2023;7;690;590892;4184364;310;310;320;360;300;300;320;330;340;400;380;400;320;330;350;330;360;380;400;370;340;320;320;370;330;310;320;320;340;350;330
7203A;2023;7;646;599446;4189189;317;328;335;362;320;317;331;343;364;372;378;420;340;347;370;351;380;392;421;394;362;332;341;397;351;325;331;352;365;377;350
7205;2023;7;450;603946;4177121;310;340;340;370;350;310;340;360;370;380;400;440;350;350;370;360;370;400;420;380;360;350;350;380;340;330;330;340;360;370;350
7209;2023;7;312;615799;4168318;325;344;342;359;340;328;351;361;378;381;399;440;355;355;369;358;377;403;431;385;377;344;359;396;365;346;352;362;361;383;354
7211B;2023;7;445;606219;4158572;316;332;331;351;328;327;337;348;369;373;394;444;346;347;362;364;388;397;420;377;374;337;343;385;355;336;342;349;358;375;341
7213U;2023;7;245;626607;4173029;330;350;340;380;340;330;360;370;380;380;380;440;360;370;390;370;380;410;440;390;370;350;370;410;360;360;350;370;380;380;380
7214;2023;7;799;624929;4188356;270;290;310;320;290;280;280;310;330;340;360;400;310;300;320;320;340;360;390;340;320;290;310;330;320;290;290;310;320;340;310
7218Y;2023;7;281;631005;4180075;331;341;349;361;341;335;355;354;372;377;391;432;359;357;366;363;376;398;435;376;393;355;359;386;361;349;352;357;370;369;353
7219;2023;7;760;630390;4190908;270;280;300;310;290;280;310;310;330;340;360;390;300;310;310;310;330;350;400;350;320;300;310;360;310;280;290;300;320;330;300
7221B;2023;7;167;639304;4188526;320;330;320;330;320;320;350;350;360;350;380;430;350;350;350;350;380;390;430;430;370;340;350;380;360;320;350;350;350;360;340
7225A;2023;7;164;646909;4196807;335;350;365;370;330;330;350;360;375;400;420;430;350;365;390;350;360;420;440;360;370;340;370;400;390;340;370;360;380;370;375
7227X;2023;7;157;646486;4191774;348;365;365;382;342;344;353;373;385;391;412;429;362;376;389;362;376;415;441;368;385;346;378;394;380;342;366;374;382;379;373
7228;2023;7;75;655618;4202611;341;349;352;385;331;335;354;370;378;377;395;427;355;372;395;348;354;399;439;358;393;343;361;405;385;335;352;364;383;368;375
7233A;2023;7;33;669848;4209793;320;340;340;380;310;320;340;360;360;340;380;400;340;380;380;340;340;370;420;380;380;350;360;430;370;340;350;370;400;340;340
7237;2023;7;192;664208;4226915;330;330;340;360;320;330;340;360;360;370;420;400;340;350;380;330;350;380;420;330;370;340;340;400;370;310;330;340;370;350;350
7237E;2023;7;170;661370;4222828;343;354;357;385;334;340;360;373;372;379;419;411;357;367;397;353;363;398;424;354;378;348;350;414;385;334;359;366;389;364;376
7244;2023;7;26;677074;4215260;323;335;340;375;316;320;340;347;350;360;381;385;340;345;391;336;340;371;417;335;370;339;340;405;373;325;335;340;376;345;360
7244X;2023;7;26;677074;4215260;321;332;340;376;316;317;337;348;349;358;381;384;337;345;390;334;339;370;415;331;368;337;339;404;371;319;335;339;376;344;358
7247;2023;7;575;671237;4252574;330;320;320;350;320;310;330;340;350;380;390;400;340;330;350;330;360;390;400;350;340;330;350;360;340;320;330;340;350;340;340
7247X;2023;7;575;671322;4251990;310;318;312;352;306;314;338;343;354;371;396;411;335;341;359;335;365;387;405;345;356;328;336;386;353;314;321;347;357;348;338
7250C;2023;7;174;672171;4229217;318;328;329;355;311;322;338;350;349;365;395;379;337;345;382;334;347;376;413;334;365;334;336;401;367;317;336;343;357;340;351
7255A;2023;7;280;689543;4236760;314;325;330;351;323;330;320;352;349;384;405;379;341;362;372;354;349;374;364;353;384;362;376;392;352;356;337;341;332;354;354
7259A;2023;7;4;693598;4228899;310;320;310;340;300;320;320;330;325;355;355;360;335;330;365;335;350;350;375;330;345;325;320;395;345;320;330;335;340;330;340
7261X;2023;7;31;700365;4218051;303;308;313;336;307;312;318;328;332;348;358;344;326;331;359;326;324;342;388;330;340;325;329;391;340;311;326;327;332;331;337
7275;2023;7;605;665085;4276585;310;330;330;360;320;320;310;350;370;390;410;410;340;360;370;330;380;400;410;350;360;330;350;380;340;320;330;350;390;360;360
7275C;2023;7;640;660249;4274181;322;325;341;369;326;321;328;354;378;391;413;416;342;358;377;347;397;412;410;358;370;335;362;387;353;315;332;349;384;362;358
8003A;2023;7;661;694493;4285275;332;342;337;375;330;347;327;372;395;412;440;437;360;377;395;352;410;450;440;377;387;357;387;407;367;342;352;370;397;390;370
8005D;2023;7;622;691463;4294672;320;330;340;340;290;290;280;340;360;330;410;390;310;360;370;300;340;420;400;350;360;300;350;390;340;300;320;350;370;340;360
8005X;2023;7;622;691463;4294672;318;333;327;334;286;293;285;335;355;325;402;386;308;363;365;300;331;411;398;346;359;298;353;371;333;300;329;354;370;338;353
8006I;2023;7;533;681084;4284959;320;330;325;350;310;330;315;350;360;370;415;415;350;350;370;335;375;400;415;340;365;335;355;390;350;305;320;345;370;355;350
8008A;2023;7;486;685931;4271992;310;320;320;350;310;320;330;340;350;365;400;405;335;345;360;340;360;390;405;350;360;330;350;390;350;315;320;340;360;345;340
8008Y;2023;7;486;685931;4271992;314;323;322;358;313;327;338;347;358;370;395;415;335;345;361;338;360;390;410;352;364;334;352;392;350;312;324;343;362;344;339
8009F;2023;7;369;689460;4256838;306;315;322;346;314;319;341;344;351;366;412;384;333;339;362;355;352;376;394;333;346;327;334;385;345;310;324;336;345;347;336
8010A;2023;7;526;695364;4261452;310;315;315;345;305;325;345;345;365;375;400;410;325;345;355;340;375;385;405;340;345;325;345;385;345;295;315;340;335;350;345
8011A;2023;7;410;692687;4261881;308;312;312;342;320;317;345;337;345;357;395;405;390;331;400;349;347;371;405;350;351;324;333;381;360;348;320;340;341;329;331
8013B;2023;7;230;695835;4251099;315;321;321;350;308;319;346;339;347;368;394;368;331;334;355;328;348;374;391;341;348;331;338;376;364;312;328;337;343;336;340
8013X;2023;7;230;695835;4251099;313;321;320;350;308;321;345;341;348;363;389;371;331;335;356;329;350;373;388;337;347;330;336;377;365;;;337;343;337;341
8015A;2023;7;367;687396;4242324;280;290;290;330;280;290;310;310;320;290;410;350;310;310;340;300;300;340;370;300;310;300;300;310;310;260;300;290;320;290;310
8018;2023;7;63;701604;4235880;312;323;320;342;329;326;345;338;338;363;362;359;346;338;350;343;350;356;371;336;354;354;352;388;350;326;345;341;341;343;346
8018A;2023;7;95;701719;4238104;313;313;323;343;302;308;342;330;336;357;364;345;323;335;341;324;337;363;357;336;333;327;330;364;342;303;328;333;335;337;340
8018X;2023;7;110;702856;4240261;324;330;334;344;325;328;346;349;354;374;379;363;348;350;363;339;351;;396;355;352;353;349;393;359;316;344;354;352;353;355
8019;2023;7;43;712468;4239983;304;314;332;344;318;322;333;350;340;354;340;323;325;318;342;317;323;335;372;322;322;325;318;364;330;304;317;319;329;327;334
8019A;2023;7;0;712741;4230520;230;294;298;306;300;309;312;308;311;328;318;328;325;315;328;320;320;334;332;331;319;328;325;333;330;302;318;320;322;324;328
8025;2023;7;81;718904;4250120;293;297;310;325;302;306;330;317;319;343;346;325;332;322;335;326;331;343;348;322;320;326;325;340;322;299;319;324;325;328;333
8059D;2023;7;1028;714101;4282570;264;295;282;324;252;293;274;312;344;345;373;358;295;317;327;295;335;367;368;338;323;277;335;339;293;279;290;320;334;311;310
8198Y;2023;7;710;668083;4301976;315;331;333;357;304;306;298;350;368;364;419;403;331;362;378;314;373;411;401;372;361;319;370;378;344;301;332;352;385;359;372
8289;2023;7;512;683615;4297818;325;340;350;370;300;310;305;360;375;350;435;405;330;380;400;320;335;420;415;360;370;300;360;410;370;350;350;370;400;360;340
